day,date,title,content_type,distribution,cta,status
1,2026-02-27,Cara Baca RTP Mega888 Dengan Betul (Panduan 2026),guide,"telegram,facebook,tiktok",Scan RTP sekarang di tipsmega888.com,planned
2,2026-02-28,Mega888 AI Scanner: Betul Ke Boleh Naikkan Win Rate?,analysis,"telegram,facebook,tiktok",Try AI Scanner percuma,planned
3,2026-03-01,7 Kesilapan Player Mega888 Yang Buat Cepat Kalah,listicle,"telegram,facebook",Elak silap biasa hari ini,planned
4,2026-03-02,Best Time Main Mega888: Mitos vs Data Sebenar,data,"telegram,facebook,tiktok",Scan ikut masa terbaik,planned
5,2026-03-03,Mega888 APK Download Guide (Safe Version 2026),guide,"telegram,facebook",Download dari trusted source,planned
6,2026-03-04,Apa Itu Volatility Dalam Slot? (Simple Explanation),education,"telegram,facebook,tiktok",Pilih game ikut risiko,planned
7,2026-03-05,RTP Tinggi Tapi Masih Kalah? Ini Sebabnya,problem-solution,"telegram,facebook",Audit strategi anda,planned
8,2026-03-06,Cara Manage Bankroll Bila Main Slot Online,guide,"telegram,facebook,tiktok",Guna formula bankroll 2-5%,planned
9,2026-03-07,Beginner Guide: Cara Mula Main Mega888 Dengan Selamat,guide,"telegram,facebook",Mula dengan deposit kecil,planned
10,2026-03-08,Mega888 vs Platform Lain: Apa Bezanya?,comparison,"telegram,facebook",Bandingkan sebelum pilih,planned
11,2026-03-09,Tanda-Tanda Session Anda Perlu Stop Main,behavior,"telegram,facebook,tiktok",Stop-loss dulu,planned
12,2026-03-10,Free Credit Mega888: Apa Yang Real Apa Yang Scam,safety,"telegram,facebook",Semak trusted list,planned
13,2026-03-11,Cara Pilih Game Slot Yang Sesuai Dengan Bajet,guide,"telegram,facebook",Pilih game ikut modal,planned
14,2026-03-12,Top 10 Game Mega888 Popular Minggu Ini,roundup,"telegram,facebook,tiktok",Lihat ranking game minggu ini,planned
15,2026-03-13,How to Use AI Signals Without Overtrading in Slots,strategy,"telegram,facebook",Play smart not fast,planned
16,2026-03-14,Quick Checklist Before You Start Any Mega888 Session,checklist,"telegram,facebook",Simpan checklist ni,planned
17,2026-03-15,Why Most Players Lose Despite High RTP Games,analysis,"telegram,facebook",Fix mindset + bankroll,planned
18,2026-03-16,5 Practical Habits of Consistent Slot Players,habits,"telegram,facebook,tiktok",Build routine menang,planned
19,2026-03-17,Cara Elak Emotional Tilt Lepas Loss Streak,psychology,"telegram,facebook",Pause sebelum tilt,planned
20,2026-03-18,Mega888 Scanner Accuracy: How to Evaluate Properly,analysis,"telegram,facebook",Track result sendiri,planned
21,2026-03-19,Session Planning Framework for Casual Players,framework,"telegram,facebook",Plan dulu baru main,planned
22,2026-03-20,Cara Tentukan Target Win & Stop-Loss Harian,guide,"telegram,facebook",Set target harian,planned
23,2026-03-21,Jackpot Chasing vs Consistent Play — Which Is Better?,comparison,"telegram,facebook,tiktok",Pilih strategy sustainable,planned
24,2026-03-22,Is Mega888 Suitable for Beginners in 2026?,faq,"telegram,facebook",Beginner route start here,planned
25,2026-03-23,Risk Management Formula for Slot Players (Simple),formula,"telegram,facebook",Guna formula RM-safe,planned
26,2026-03-24,Cara Guna Data Game History Untuk Buat Keputusan,data,"telegram,facebook",Decision berasaskan data,planned
27,2026-03-25,10 Terms Every Mega888 Player Must Understand,glossary,"telegram,facebook,tiktok",Belajar terms penting,planned
28,2026-03-26,Trusted Agent Checklist: Cara Semak Elak Scam,safety,"telegram,facebook",Semak agent dengan checklist,planned
29,2026-03-27,Weekly Routine for Better Slot Discipline,routine,"telegram,facebook",Disiplin = consistency,planned
30,2026-03-28,Ultimate 2026 Mega888 Strategy Guide (Beginner to Advanced),pillar,"telegram,facebook,tiktok",Baca panduan lengkap,planned
